{
    "area": {
        "id": "osaka_tempozan_terminal",
        "name": "大阪港天保山ターミナル",
        "updated_at": "2025-10-08T06:22:13Z",
        "updated_by": "seed-script"
    },
    "overview": {
        "address": "大阪府大阪市 大阪港天保山ターミナル",
        "prefecture": "大阪",
        "manager": "佐藤",
        "droneRecord": "あり",
        "droneCountEstimate": "12",
        "heightLimitM": "120",
        "availability": "可",
        "overview": "[object Object]"
    },
    "details": {
        "statusMemo": "近隣イベントと日程調整が必要。",
        "permitMemo": "自治体の占用許可が別途必要。",
        "restrictionsMemo": "学校上空は終業後のみ可。",
        "remarks": "雨天時は翌日に順延。"
    },
    "flightArea": {
        "polygon": [
            {
                "lat": 34.658,
                "lon": 135.4326
            },
            {
                "lat": 34.6590000,
                "lon": 135.4330000
            },
            {
                "lat": 34.6570000,
                "lon": 135.4340000
            },
            {
                "lat": 34.6560000,
                "lon": 135.4310000
            }
        ],
        "altitudeMaxM": 120,
        "safetyBufferM": 40
    },
    "history": [
        {
            "projectuuid": "",
            "scheduleuuid": "",
            "actualCoordinate": {
                "lat": 34.658,
                "lon": 135.4326
            }
        }
    ],
    "updated_at": "2025-10-25T17:40:10.418Z",
    "updated_by": "ui",
    "areaId": "osaka_tempozan_terminal",
    "areaName": "大阪港天保山ターミナル"
}