{
    "area": {
        "id": "dec_toride",
        "name": "DECドローンパーク",
        "updated_at": "2025-10-08T06:22:13Z",
        "updated_by": "seed-script"
    },
    "overview": {
        "address": "茨城県取手市 DECドローンパークエリア",
        "prefecture": "茨城",
        "manager": "佐藤",
        "droneRecord": "あり",
        "droneCountEstimate": "30",
        "heightLimitM": "150",
        "availability": "可",
        "overview": "[object Object]"
    },
    "details": {
        "statusMemo": "近隣イベントと日程調整が必要。",
        "permitMemo": "自治体の占用許可が別途必要。",
        "restrictionsMemo": "学校上空は終業後のみ可。",
        "remarks": "雨天時は翌日に順延。"
    },
    "flightArea": {
        "polygon": [
            {
                "lat": 35.8956987,
                "lon": 140.0603004
            },
            {
                "lat": 35.8960000,
                "lon": 140.0610000
            },
            {
                "lat": 35.8940000,
                "lon": 140.0620000
            },
            {
                "lat": 35.8930000,
                "lon": 140.0590000
            }
        ],
        "altitudeMaxM": 150,
        "safetyBufferM": 50
    },
    "history": [
        {
            "projectuuid": "",
            "scheduleuuid": "",
            "actualCoordinate": {
                "lat": 35.8956987,
                "lon": 140.0603004
            }
        }
    ],
    "updated_at": "2025-10-25T17:40:10.418Z",
    "updated_by": "ui",
    "areaId": "dec_toride",
    "areaName": "DECドローンパーク"
}