{
    "area": {
        "id": "ashikaga_asakura",
        "name": "朝倉福富緑地多目的広場",
        "updated_at": "2025-10-08T06:22:13Z",
        "updated_by": "seed-script"
    },
    "overview": {
        "address": "栃木県足利市 朝倉福富緑地",
        "prefecture": "栃木",
        "manager": "佐藤",
        "droneRecord": "あり",
        "droneCountEstimate": "8",
        "heightLimitM": "80",
        "availability": "可",
        "overview": "[object Object]"
    },
    "details": {
        "statusMemo": "近隣イベントと日程調整が必要。",
        "permitMemo": "自治体の占用許可が別途必要。",
        "restrictionsMemo": "学校上空は終業後のみ可。",
        "remarks": "雨天時は翌日に順延。"
    },
    "flightArea": {
        "polygon": [
            {
                "lat": 36.325081,
                "lon": 139.434048
            },
            {
                "lat": 36.3270000,
                "lon": 139.4350000
            },
            {
                "lat": 36.3240000,
                "lon": 139.4360000
            },
            {
                "lat": 36.3230000,
                "lon": 139.4330000
            }
        ],
        "altitudeMaxM": 80,
        "safetyBufferM": 30
    },
    "history": [
        {
            "projectuuid": "",
            "scheduleuuid": "",
            "actualCoordinate": {
                "lat": 36.325081,
                "lon": 139.434048
            }
        }
    ],
    "updated_at": "2025-10-25T17:40:10.418Z",
    "updated_by": "ui",
    "areaId": "ashikaga_asakura",
    "areaName": "朝倉福富緑地多目的広場"
}