{
    "area": {
        "id": "makuhari_beach",
        "name": "幕張の浜",
        "updated_at": "2025-10-08T06:22:13Z",
        "updated_by": "seed-script"
    },
    "overview": {
        "address": "千葉県千葉市 幕張の浜エリア",
        "prefecture": "千葉",
        "manager": "佐藤",
        "droneRecord": "あり",
        "droneCountEstimate": "12",
        "heightLimitM": "110",
        "availability": "可",
        "overview": "[object Object]"
    },
    "details": {
        "statusMemo": "近隣イベントと日程調整が必要。",
        "permitMemo": "自治体の占用許可が別途必要。",
        "restrictionsMemo": "学校上空は終業後のみ可。",
        "remarks": "雨天時は翌日に順延。"
    },
    "flightArea": {
        "polygon": [
            {
                "lat": 35.6429,
                "lon": 140.0486
            },
            {
                "lat": 35.6435000,
                "lon": 140.0490000
            },
            {
                "lat": 35.6415000,
                "lon": 140.0500000
            },
            {
                "lat": 35.6405000,
                "lon": 140.0470000
            }
        ],
        "altitudeMaxM": 110,
        "safetyBufferM": 40
    },
    "history": [
        {
            "projectuuid": "",
            "scheduleuuid": "",
            "actualCoordinate": {
                "lat": 35.6429,
                "lon": 140.0486
            }
        }
    ],
    "updated_at": "2025-10-25T17:40:10.418Z",
    "updated_by": "ui",
    "areaId": "makuhari_beach",
    "areaName": "幕張の浜"
}