{
    "area": {
        "id": "iwabuchi_sluice",
        "name": "岩淵水門",
        "updated_at": "2025-10-08T06:22:13Z",
        "updated_by": "seed-script"
    },
    "overview": {
        "address": "東京都北区 岩淵水門エリア",
        "prefecture": "東京",
        "manager": "佐藤",
        "droneRecord": "あり",
        "droneCountEstimate": "6",
        "heightLimitM": "80",
        "availability": "可",
        "overview": "[object Object]"
    },
    "details": {
        "statusMemo": "近隣イベントと日程調整が必要。",
        "permitMemo": "自治体の占用許可が別途必要。",
        "restrictionsMemo": "学校上空は終業後のみ可。",
        "remarks": "雨天時は翌日に順延。"
    },
    "flightArea": {
        "polygon": [
            {
                "lat": 35.7728,
                "lon": 139.7336
            },
            {
                "lat": 35.7730000,
                "lon": 139.7340000
            },
            {
                "lat": 35.7710000,
                "lon": 139.7350000
            },
            {
                "lat": 35.7700000,
                "lon": 139.7320000
            }
        ],
        "altitudeMaxM": 80,
        "safetyBufferM": 30
    },
    "history": [
        {
            "projectuuid": "",
            "scheduleuuid": "",
            "actualCoordinate": {
                "lat": 35.7728,
                "lon": 139.7336
            }
        }
    ],
    "updated_at": "2025-10-25T17:40:10.418Z",
    "updated_by": "ui",
    "areaId": "iwabuchi_sluice",
    "areaName": "岩淵水門"
}