{
    "area": {
        "id": "meijijingu_softball",
        "name": "明治神宮外苑 軟式グラウンド",
        "updated_at": "2025-10-08T06:22:13Z",
        "updated_by": "seed-script"
    },
    "overview": {
        "address": "東京都新宿区 明治神宮外苑軟式グラウンド",
        "prefecture": "東京",
        "manager": "佐藤",
        "droneRecord": "あり",
        "droneCountEstimate": "5",
        "heightLimitM": "80",
        "availability": "可",
        "overview": "[object Object]"
    },
    "details": {
        "statusMemo": "近隣イベントと日程調整が必要。",
        "permitMemo": "自治体の占用許可が別途必要。",
        "restrictionsMemo": "学校上空は終業後のみ可。",
        "remarks": "雨天時は翌日に順延。"
    },
    "flightArea": {
        "polygon": [
            {
                "lat": 35.6741,
                "lon": 139.7172
            },
            {
                "lat": 35.6750000,
                "lon": 139.7180000
            },
            {
                "lat": 35.6730000,
                "lon": 139.7190000
            },
            {
                "lat": 35.6720000,
                "lon": 139.7160000
            }
        ],
        "altitudeMaxM": 80,
        "safetyBufferM": 30
    },
    "history": [
        {
            "projectuuid": "",
            "scheduleuuid": "",
            "actualCoordinate": {
                "lat": 35.6741,
                "lon": 139.7172
            }
        }
    ],
    "updated_at": "2025-10-25T17:40:10.418Z",
    "updated_by": "ui",
    "areaId": "meijijingu_softball",
    "areaName": "明治神宮外苑 軟式グラウンド"
}