{
    "area": {
        "id": "yanai_chouchin_fujimoto",
        "name": "柳井",
        "updated_at": "2025-10-08T06:22:13Z",
        "updated_by": "seed-script"
    },
    "overview": {
        "address": "山口県柳井市 柳井エリア",
        "prefecture": "山口",
        "manager": "佐藤",
        "droneRecord": "あり",
        "droneCountEstimate": "8",
        "heightLimitM": "90",
        "availability": "可",
        "overview": "[object Object]"
    },
    "details": {
        "statusMemo": "近隣イベントと日程調整が必要。",
        "permitMemo": "自治体の占用許可が別途必要。",
        "restrictionsMemo": "学校上空は終業後のみ可。",
        "remarks": "雨天時は翌日に順延。"
    },
    "flightArea": {
        "polygon": [
            {
                "lat": 34.0606,
                "lon": 132.1067
            },
            {
                "lat": 34.0610000,
                "lon": 132.1070000
            },
            {
                "lat": 34.0590000,
                "lon": 132.1080000
            },
            {
                "lat": 34.0580000,
                "lon": 132.1050000
            }
        ],
        "altitudeMaxM": 90,
        "safetyBufferM": 30
    },
    "history": [
        {
            "projectuuid": "",
            "scheduleuuid": "",
            "actualCoordinate": {
                "lat": 34.0606,
                "lon": 132.1067
            }
        }
    ],
    "updated_at": "2025-10-25T17:40:10.418Z",
    "updated_by": "ui",
    "areaId": "yanai_chouchin_fujimoto",
    "areaName": "柳井"
}