{
    "area": {
        "id": "cliff_nagai",
        "name": "CLIFF広場（長井）",
        "updated_at": "2025-10-08T06:22:13Z",
        "updated_by": "seed-script"
    },
    "overview": {
        "address": "神奈川県長井市 CLIFF広場エリア",
        "prefecture": "神奈川",
        "manager": "佐藤",
        "droneRecord": "あり",
        "droneCountEstimate": "5",
        "heightLimitM": "70",
        "availability": "可",
        "overview": "[object Object]"
    },
    "details": {
        "statusMemo": "近隣イベントと日程調整が必要。",
        "permitMemo": "自治体の占用許可が別途必要。",
        "restrictionsMemo": "学校上空は終業後のみ可。",
        "remarks": "雨天時は翌日に順延。"
    },
    "flightArea": {
        "polygon": [
            {
                "lat": 35.19417,
                "lon": 139.61139
            },
            {
                "lat": 35.1950000,
                "lon": 139.6120000
            },
            {
                "lat": 35.1930000,
                "lon": 139.6130000
            },
            {
                "lat": 35.1920000,
                "lon": 139.6100000
            }
        ],
        "altitudeMaxM": 70,
        "safetyBufferM": 20
    },
    "history": [
        {
            "projectuuid": "",
            "scheduleuuid": "",
            "actualCoordinate": {
                "lat": 35.19417,
                "lon": 139.61139
            }
        }
    ],
    "updated_at": "2025-10-25T17:40:10.418Z",
    "updated_by": "ui",
    "areaId": "cliff_nagai",
    "areaName": "CLIFF広場（長井）"
}